Workbook

Sheet Total Amount by Restaurant
A3: Restaurant | B3: Sum of Total Amount
A4: Pizza Town | B4: 2300
A5: Sushi World | B5: 2270
A6: Spice Hub | B6: 2180
A7: Burger Point | B7: 1120
A8: Grand Total | B8: 7870
A11: Restaurant with Highest Total Amount | B11: =INDEX(A4:A7,MATCH(MAX(B4:B7),B4:B7,0)) -> Pizza Town

Sheet City with Highest Total Amount
A3: City | B3: Sum of Total Amount
A4: Bangalore | B4: 1120
A5: Delhi | B5: 2180
A6: Hyderabad | B6: 2270
A7: Mumbai | B7: 2300
A8: Grand Total | B8: 7870
A11: City with Highest Total Amount | B11: =INDEX(A4:A7,MATCH(MAX(B4:B7),B4:B7,0)) -> Mumbai

Sheet Total Amount by Category
A3: Category | B3: Sum of Total Amount
A4: Italian | B4: 2300
A5: Japanese | B5: 2270
A6: Indian | B6: 2180
A7: Fast Food | B7: 1120
A8: Grand Total | B8: 7870
A12: Category with Highest Total Amount | B12: =INDEX(A4:A7,MATCH(MAX(B4:B7),B4:B7,0)) -> Italian

Sheet Orders by Category
A3: Category | B3: Sum of Items
A4: Indian | B4: 6
A5: Fast Food | B5: 4
A6: Italian | B6: 4
A7: Japanese | B7: 3
A8: Grand Total | B8: 17
A11: Category with Highest No. of Orders | B11: =INDEX(A4:A7,MATCH(MAX(B4:B7),B4:B7,0)) -> Indian

Sheet Orders by City
A3: City | B3: Sum of Items
A4: Delhi | B4: 6
A5: Bangalore | B5: 4
A6: Mumbai | B6: 4
A7: Hyderabad | B7: 3
A8: Grand Total | B8: 17
A11: City with Highest No. of Orders | B11: =INDEX(A4:A7,MATCH(MAX(B4:B7),B4:B7,0)) -> Delhi

Sheet Dataset
A1: OrderID | B1: OrderDate | C1: Customer | D1: City | E1: Restaurant | F1: Category | G1: Items | H1: ItemPrice | I1: DeliveryFee | J1: Total Amount
A2: 2001 | B2: 46054 | C2: Rahul | D2: Delhi | E2: Spice Hub | F2: Indian | G2: 2 | H2: 350 | I2: 40 | J2: =(G2*H2)+I2 -> 740
A3: 2002 | B3: 46054 | C3: Neha | D3: Mumbai | E3: Pizza Town | F3: Italian | G3: 1 | H3: 550 | I3: 50 | J3: =(G3*H3)+I3 -> 600
A4: 2003 | B4: 46055 | C4: Amit | D4: Bangalore | E4: Burger Point | F4: Fast Food | G4: 3 | H4: 250 | I4: 35 | J4: =(G4*H4)+I4 -> 785
A5: 2004 | B5: 46055 | C5: Priya | D5: Delhi | E5: Spice Hub | F5: Indian | G5: 1 | H5: 400 | I5: 40 | J5: =(G5*H5)+I5 -> 440
A6: 2005 | B6: 46056 | C6: Karan | D6: Hyderabad | E6: Sushi World | F6: Japanese | G6: 2 | H6: 700 | I6: 60 | J6: =(G6*H6)+I6 -> 1460
A7: 2006 | B7: 46056 | C7: Neha | D7: Mumbai | E7: Pizza Town | F7: Italian | G7: 2 | H7: 500 | I7: 50 | J7: =(G7*H7)+I7 -> 1050
A8: 2007 | B8: 46057 | C8: Rahul | D8: Bangalore | E8: Burger Point | F8: Fast Food | G8: 1 | H8: 300 | I8: 35 | J8: =(G8*H8)+I8 -> 335
A9: 2008 | B9: 46058 | C9: Priya | D9: Hyderabad | E9: Sushi World | F9: Japanese | G9: 1 | H9: 750 | I9: 60 | J9: =(G9*H9)+I9 -> 810
A10: 2009 | B10: 46058 | C10: Amit | D10: Delhi | E10: Spice Hub | F10: Indian | G10: 3 | H10: 320 | I10: 40 | J10: =(G10*H10)+I10 -> 1000
A11: 2010 | B11: 46059 | C11: Karan | D11: Mumbai | E11: Pizza Town | F11: Italian | G11: 1 | H11: 600 | I11: 50 | J11: =(G11*H11)+I11 -> 650

Sheet Sheet1
A2: Amount | B2: =SUM(Dataset!J2:J11) -> 7870 | D2: Total Restaurants | E2: =COUNTA(_xlfn.UNIQUE(Dataset!E2:E11)) -> 4
A4: Total Delivery Fee | B4: =SUM(Dataset!I2:I11) -> 460 | D4: Total Cities | E4: =COUNTA(_xlfn.UNIQUE(Dataset!D2:D11)) -> 4
A6: Total Items | B6: =SUM(Dataset!G2:G11) -> 17 | D6: Total Categories | E6: =COUNTA(_xlfn.UNIQUE(Dataset!F2:F11)) -> 4
A8: Total Orders | B8: =COUNT(Dataset!A2:A11) -> 10 | D8: Total Ordered Dates | E8: =COUNTA(_xlfn.UNIQUE(Dataset!B2:B11)) -> 6
A10: Total Customers | B10: =COUNTA(_xlfn.UNIQUE(Dataset!C2:C11)) -> 5
